{
  "epoch": [
    1,
    2,
    3,
    4,
    5,
    6,
    7,
    8,
    9,
    10,
    11,
    12,
    13,
    14,
    15,
    16,
    17,
    18,
    19,
    20,
    21,
    22,
    23,
    24,
    25,
    26,
    27,
    28,
    29,
    30,
    31,
    32,
    33,
    34,
    35,
    36,
    37,
    38,
    39,
    40,
    41,
    42,
    43,
    44,
    45,
    46,
    47,
    48,
    49,
    50,
    51,
    52,
    53,
    54,
    55,
    56,
    57,
    58,
    59,
    60,
    61,
    62,
    63,
    64,
    65,
    66,
    67,
    68,
    69,
    70,
    71,
    72,
    73,
    74,
    75,
    76,
    77,
    78,
    79,
    80,
    81,
    82,
    83,
    84,
    85,
    86,
    87,
    88,
    89,
    90,
    91,
    92,
    93,
    94,
    95,
    96,
    97,
    98,
    99,
    100
  ],
  "train_loss": [
    1.1212570581264152,
    0.999159669589423,
    0.9313693046569824,
    0.8919029508181707,
    0.8590159217914742,
    0.8413637487109534,
    0.824096533841265,
    0.8173830168758461,
    0.8244450697917977,
    0.799625914775298,
    0.770628789981047,
    0.7667466359052486,
    0.7497480414912313,
    0.7352990027897821,
    0.7250453055741075,
    0.7106509755751891,
    0.6977404164288469,
    0.6823489563856908,
    0.667432223090189,
    0.6550794953334785,
    0.6403845807832325,
    0.6201319444275093,
    0.5947961601800097,
    0.6003423007671723,
    0.5711437197988163,
    0.5600726416330777,
    0.5591468686211802,
    0.5623488243154151,
    0.5300039601230431,
    0.5289339176519122,
    0.5153413545750902,
    0.5190754895936511,
    0.5134863066888286,
    0.4834184355152872,
    0.4895915059981222,
    0.4592788922404478,
    0.4705569568521274,
    0.4508504064861902,
    0.47278673059954673,
    0.4501436387369771,
    0.44595528216304664,
    0.44036740070593383,
    0.41579894605046047,
    0.43462377741843283,
    0.42992286405009117,
    0.4243914682067229,
    0.4074396813859443,
    0.3982887042309335,
    0.3880995943813859,
    0.39316232209812424,
    0.3821169662929489,
    0.38143529995290454,
    0.3997242958070281,
    0.38119642893393674,
    0.3678221386635232,
    0.36958929824685766,
    0.370009135059221,
    0.40251953233936744,
    0.36116923475432733,
    0.34683470481741646,
    0.3430974243697757,
    0.31691428974181235,
    0.32804660579723444,
    0.3140880526426082,
    0.3415747356856753,
    0.32362633939078433,
    0.3064822895314268,
    0.30063624471007944,
    0.30649900466263413,
    0.3183246870079117,
    0.3110513186944511,
    0.28899143433164737,
    0.2761903633335549,
    0.2905442724247017,
    0.26488830011808323,
    0.28250947018305145,
    0.25904600283425894,
    0.2658589027508466,
    0.2815941499624558,
    0.2740964969258031,
    0.25717567370267574,
    0.25420707942010884,
    0.24715546905277727,
    0.24162811231995393,
    0.23228267271198585,
    0.21954133525819244,
    0.2184414389675748,
    0.24431636176988453,
    0.23934505333403547,
    0.24411638340873565,
    0.22389979028928733,
    0.2166653504830324,
    0.20868871589461882,
    0.23237575450258885,
    0.20768640939900296,
    0.19284782285441857,
    0.201108299554111,
    0.22494667962581696,
    0.22514244645296452,
    0.19720427533667648
  ],
  "val_loss": [
    1.017690834097975,
    1.2304875634786652,
    1.012904740694001,
    1.0148282370229407,
    0.8693165220613555,
    0.9544234998582855,
    0.8655975761376028,
    1.0572461941110807,
    0.8372716457825008,
    0.8074367074515876,
    0.857651752280438,
    0.8791760361100746,
    0.9874210925552789,
    0.8949684772904464,
    0.7507786844659039,
    0.8309664989080955,
    0.7485382322251327,
    0.6749568792778676,
    0.6856667479192178,
    0.6344512386584845,
    0.652021549818084,
    0.6352884393977368,
    0.6701061045090984,
    0.7011900544166565,
    0.6139817467824681,
    0.8754038519746675,
    0.5735218302002103,
    0.5757004759443087,
    0.6049528990204879,
    0.583398572572573,
    0.6036644186091236,
    0.5610891188692859,
    0.5903863939713305,
    0.609030576672141,
    0.5819610657654409,
    0.5189825836129076,
    0.5234073027381747,
    0.5663285023114812,
    0.5182764509062129,
    0.5099179479550189,
    0.499752481856684,
    0.4990001874645864,
    0.4911763294944613,
    0.5996334977506652,
    0.49201729377423686,
    0.4748223198680427,
    0.5231196267867652,
    0.5468654714700744,
    0.5281593689299006,
    0.48094084976226326,
    0.4720904970262933,
    0.5139918543222383,
    0.536240386211966,
    0.5021471949074212,
    0.5117483445274549,
    0.5103478627646063,
    0.4918443323589685,
    0.5064683150588059,
    0.4711943484666779,
    0.4916016214241193,
    0.44075781670142344,
    0.46827202918022637,
    0.5351049820269187,
    0.5033331870094059,
    0.48311606378067196,
    0.4862213437482128,
    0.4398286330887652,
    0.4485201746460021,
    0.4338817817019665,
    0.4981864890245002,
    0.4945237674112395,
    0.4564447963800956,
    0.4293270086444269,
    0.46678196703355146,
    0.48036882023173055,
    0.4601255129641435,
    0.4823429399118649,
    0.5044758324548015,
    0.5396286190494778,
    0.4627499962885549,
    0.4616237646482122,
    0.4620208960818493,
    0.44657268017295776,
    0.4948304131275087,
    0.4703099722937336,
    0.45945898214663106,
    0.43429133366412065,
    0.47306955670277906,
    0.47641125204056267,
    0.4643523808070055,
    0.45997967858483474,
    0.44526649061150436,
    0.45966295522498335,
    0.511500703537558,
    0.4614582897171261,
    0.4660862769902222,
    0.501024030090317,
    0.48622969215310463,
    0.4496342908209703,
    0.44969514950992556
  ],